title,tname,time,up_uid,up_name,up_ip,BV
偷子（2）,搞笑,2023-09-17 04:42:08,5970160,小潮院长,上海,BV1FN411H79U
如何在家用西瓜制造白砂糖,美食制作,2023-09-15 16:57:44,349717298,嘤武罗,福建,BV1bw411i7WQ
家人们这么多天没更新就是去做了这个事情.想你们了！稍微休息两天马上更新视频！,搞笑,2023-09-18 13:40:41,302338318,李炮炮儿,辽宁,BV1dz4y157Pz
一种很新的大学室友：“霸道”室友！,搞笑,2023-09-16 11:43:55,695493289,杨晓艺本人,江西,BV1G94y1s7oN
极限智斗！无限反转！牛顿转行侦探vs高智商疯批反派,人文历史,2023-09-15 14:11:27,1858861103,迷因水母,重庆,BV1PN4y1X7iN
南方人在北方上学要注意什么？,搞笑,2023-09-16 01:29:02,95515699,粤知一二,广东,BV1x8411q7vf
商务舱 VS 经济舱！票价相差10倍！飞机餐有多大区别？,美食侦探,2023-09-15 23:04:24,406636263,HOLA小测佬,北京,BV1LN411H7Ut
火柴人 VS 我的世界系列 第三十二集 厨师（The Chef）,短片·手书,2023-09-16 21:27:52,519253600,火柴人AlanBecker,北京,BV1Kp4y1P7sn
你能从虚空中通关我的世界吗？,单机游戏,2023-09-15 14:13:57,44222886,喜欢旅拍的阿玮,河北,BV1DH4y1D7sJ
注定是没有看日出的命，熬的第三个夜了,日常,2023-09-16 14:13:12,3493140184959872,张天琪s,广西,BV1Lk4y1F7TL
炙热青春里最沸腾的一章,搞笑,2023-09-17 17:38:24,3536996400105518,华-一-子,安徽,BV1A94y1s73N
刮彩票决定自己的一日三餐，第二期！！!,日常,2023-09-15 23:51:19,3957971,贤宝宝Baby,浙江,BV1GH4y1Q7y3
最新视觉特效表演【孔雀环】！,舞蹈综合,2023-09-15 23:47:33,455457072,梦幻碟影王子童,安徽,BV1uu411c7kd
当朋友赶上了绝望周末，那就是热情满满的一天。,搞笑,2023-09-16 17:09:49,419738808,疯狂小杨哥,安徽,BV1NV411N7uk
没想到我做了件慈禧“同款”的旗袍,出行,2023-09-15 20:07:42,1220366646,野游记_,浙江,BV1HF411U7jb
“付之一炬吧，我贱烂的生命”,GMV,2023-09-15 20:07:23,358122228,小阿柴_,湖南,BV1DC4y1f7R3
奶爆新番！十月最期待的10部动画！这次真的能随便选了！【泛式】,动漫杂谈,2023-09-16 18:13:46,63231,泛式,上海,BV1X34y1P7nU
挑战去张圣叹家吃到饱，看是他库存多，还是我们身板硬,美食侦探,2023-09-15 16:43:22,1618410357,吃不饱仨战士,浙江,BV1JF411U7ks
《原神》三周年配音演员祝福-「来自幕后的心意」,手机游戏,2023-09-16 23:37:23,401742377,原神,上海,BV18h4y1A7GF
憋笑憋去见太奶了！,搞笑,2023-09-17 18:06:52,490002276,乐天乔宇派,北京,BV1fH4y1U7eA
一位农夫往自己的下体喷了一升百草枯，他的器官是这么衰竭的,科学科普,2023-09-16 10:52:07,297786973,Chubbyemu,海南,BV1Sp4y1A72v
新宝岛到学校跳才带劲（,宅舞,2023-09-15 00:30:19,1476364828,Twwrm,辽宁,BV15p4y1A7u2
自制多功能铁沙发,极客DIY,2023-09-17 12:02:06,280793434,手工耿,河北,BV14w411i74b
霍去病！凛冬已至的北境夜王！草原霸主的命中煞星！,人文历史,2023-09-15 13:14:25,504934876,渤海小吏,天津,BV1yh4y1Y7ZM
哥们你谁？,搞笑,2023-09-15 05:20:24,3913194,高斯Goh,上海,BV1im4y1P7B1
用骨骼和冰白曜石打制的镰刀，死神看了都说好,极客DIY,2023-09-17 15:06:33,9030440,修一j,四川,BV1uH4y1S7kF
奥运会上最成功的失败者是谁？【硬核狠人59】,人文历史,2023-09-15 23:40:30,23947287,小约翰可汗,江苏,BV1mk4y1w7ki
以身为饵邀天下人入局,绘画,2023-09-15 11:20:34,701413568,野路子梗画师,湖南,BV1om4y1P7Gr
提了一辆兰博基尼后，我终于约到了漂亮妹子,单机游戏,2023-09-16 11:40:24,324565891,解说刘大大,重庆,BV1Aw411q7NM
无力,搞笑,2023-09-15 19:58:49,543931452,古呀老师,广东,BV15p4y1P7ks
去了山西，后劲真大,人文历史,2023-09-15 19:45:04,492303353,王左导演,上海,BV1CH4y1U79h
鬼：就拿这个考验干部？？？,单机游戏,2023-09-16 13:11:05,10874201,盒子酸奶,陕西,BV1Zw411i7RJ
不同段位的造型师会给顾客打造什么样的造型？第一段是真实经历了！！,搞笑,2023-09-16 14:08:02,474853499,李如儒也是李蠕蠕,上海,BV1p8411q7zf
【张远X徐良X马晓龙】披荆斩棘二公《伶人》舞台,音乐现场,2023-09-16 19:35:46,1938665582,张远Bird,湖南,BV1o14y1r7Jp
非洲男孩雨天光脚跳芭蕾，贫民窟里的黑天鹅，梦想照进现实,出行,2023-09-16 06:36:08,528461028,小钟Johnny,摩洛哥,BV1Gk4y1F72V
这就是，我推的超级偶像！,翻唱,2023-09-15 14:22:19,210752,真栗,上海,BV1714y1r76L
远离这个地方！这里关着1000种以上的怪物！,单机游戏,2023-09-16 08:17:37,26240675,与山0v0,中国香港,BV1Z94y1H718
【STN快报第七季30】陶德竟是死灵法师，星空死人能说话,单机游戏,2023-09-17 16:54:49,7349,STN工作室,上海,BV178411v7LM
一个让我五次心跳的男人,出行,2023-09-17 18:13:47,2041168605,他叫阿园,浙江,BV1Tu4y1r7x7
新 概 念 一 键 三 连,仿妆cos,2023-09-15 09:03:45,171368594,六二二同学w,上海,BV1FN4y1X7P6
旅行者，我们会在现实相遇吗？,仿妆cos,2023-09-17 20:36:07,18343098,河野华,上海,BV1T8411v7Do
乱买费钱！乱用烂脸！网红祛痘药膏，你真的用对了吗？,美妆护肤,2023-09-16 18:35:04,456404164,皮科医生魏小博,北京,BV16w411i7iv
我珍藏多年的6个让泡面好吃翻倍的奇妙吃法,美食制作,2023-09-15 23:42:24,474803476,泡厨房的顾小胖,江苏,BV1XC4y1f7sT
评分8.3！高了?低了?闹麻了?浅谈评分在动画讨论中扮演的角色! 【瓶说动漫】,动漫杂谈,2023-09-17 17:46:23,730732,瓶子君152,上海,BV1Ay4y1F73S
当 代 年 轻 人 消 费 现 状,短片·手书,2023-09-18 18:35:59,321422126,进击的金厂长,江苏,BV19P411t7BC
（ 嗯，新 买 了 手 机 是 这 样 的  ）,短片·手书,2023-09-16 20:09:26,627888730,星有野,广东,BV1XN411n7if
哈哈哈 谁敢保证自己的网名不是情侣名？,搞笑,2023-09-17 11:15:06,1527828440,外星观察人类队长,广东,BV1Fj411k7XP
《终于当上爷爷了》,日常,2023-09-16 19:00:20,382986457,结巴老爹,辽宁,BV1Au4y1r7Bz
丢卡咩！兄弟们，最后一秒直接起飞！,搞笑,2023-09-16 21:06:46,3493125897062786,Tony老湿哦,贵州,BV1ej411y7Ke
看到他夺走了蜘蛛网，我顺便教教这句英语,校园学习,2023-09-16 18:31:30,538039973,Ernie老师,美国,BV1gh4y1e7iQ
打假B站百大UP主？真剑客也好假剑客也好，愿我们都能创造出属于自己的闪闪发光的故事！,运动综合,2023-09-14 17:05:40,1455861172,剑客范十三,四川,BV1Gu411c7GV
我造了一台可以在水上行驶的遥控车，这是科学，不是魔法！,极客DIY,2023-09-15 18:27:14,74529609,魔界造物,江西,BV1Ap4y1P7pv
乡村真人版《海贼王》,搞笑,2023-09-15 11:54:47,385626302,阿拉丁狗蛋儿,山东,BV1cN4y1X7nL
那是相当Carry啊！,电子竞技,2023-09-16 16:42:48,10901294,怪盗剧场,江西,BV11w411i7eW
「花生」浅谈华为Mate60 Pro+：三年之期已到，超大杯回归！,数码,2023-09-16 19:32:00,25480023,花生説,浙江,BV1CN411n77t
这是穿越整个地图的一击！,电子竞技,2023-09-16 18:13:58,405370021,尴尬的铁根er,山东,BV19V411w7S6
【轰】没有一拳解决不了的事，如果有那就两拳！！,短片·手书,2023-09-15 18:18:17,3493089977043464,米尼麦泥轰,福建,BV1zk4y1w7pZ
爸妈和我策划了一场出其不意的求婚,搞笑,2023-09-16 14:14:32,457702786,摸鱼能手邓大头,河南,BV1pV411N7rk
空调事件。,小剧场,2023-09-15 17:18:58,373388923,脱缰凯Kk,辽宁,BV1LP411b7wW
13岁男孩的一个选择，却让母亲失去了生命，经典电影《心碎往事》,影视杂谈,2023-09-15 21:11:34,1119253352,顾我电影,吉林,BV1hm4y1N7nd
【黑铁之王】格温vs塞拉斯谁的厨艺更胜一筹？#黑铁之王争霸赛,电子竞技,2023-09-17 18:50:27,428040854,上单老祖,湖北,BV1FV411A7XV
⚡《主播女孩重度依赖》，但东北话⚡,翻唱,2023-09-16 02:13:54,390254031,皮皮果er,黑龙江,BV1PN411H73Y
【TF家族】《九九八十一（one last time）》彩蛋篇：“Hello Hello”anniversary纪念日特辑,明星综合,2023-09-16 22:45:20,3670216,TF家族,北京,BV1Jh4y1A7kg
震惊！竟能将犯罪，狗血，玄幻，融合的如此完美！神仙猛片,影视杂谈,2023-09-14 21:45:27,646695716,火龙果讲电影,湖南,BV1Pw411i7w7
原来夏洛特是八年前的番了，还以为是新番呢,搞笑,2023-09-17 18:00:08,32589074,二次元陆君_,上海,BV13k4y1F7np
儿童乐器版《晴天》,演奏,2023-09-15 21:40:22,385191150,胡又扯,云南,BV1494y1s7XP
电视裆间,家居房产,2023-09-15 19:01:37,393256183,嘉伟室内设计,吉林,BV1sj411k7xh
被判过死刑的朋友们应该都知道：,搞笑,2023-09-10 18:28:23,108526737,法师马马,浙江,BV13z4y1j73t
旅行者这个世界比你想象的更难...,仿妆cos,2023-09-15 23:18:10,3493268474038336,害羞8,广东,BV1yp4y1A76r
关于我被抓进派出所这件事,搞笑,2023-09-17 15:15:38,504659819,张离谱Dreams,福建,BV1Lh4y1A7ge
带你看看美国结婚吃席是什么样的！,日常,2023-09-16 12:03:26,1711522882,KerryDowdle,美国,BV1P94y1s7L1
我做了一个移动小红靴，它可以带我去任何地方,家居房产,2023-09-16 18:16:00,408068717,闲人祝幸福,山东,BV1CH4y1U7ax
《 原 神 三 周 年 热 点 图 鉴 》,手机游戏,2023-09-16 07:29:50,187681452,柑宝,四川,BV1dz4y157Fd
母胎单身第一次和帅哥约会，笑容止不住啊！,日常,2023-09-16 19:24:52,11870568,拉宏桑,山东,BV1Az4y1L7Co
【中国古学院】假如每个学科有自己的专属服饰,穿搭,2023-09-16 18:42:16,297344797,朵朵花林,浙江,BV168411q7sW
王者版植物大战僵尸，结局你一定没想到#王者荣耀新星计划#王者荣耀游戏攻略,电子竞技,2023-09-17 01:47:21,693119229,王者荣耀木也,浙江,BV1Rw411i72H
上学来新老师时的尴尬（超级无敌宇宙真实啊啊啊啊）,搞笑,2023-09-16 17:15:58,68439967,萧枭同学,广东,BV1134y1P7Ze
再伟大的冒险者也做过这些任务！动捕演员演绎三种不同时期游戏【曦曦鱼】,单机游戏,2023-09-15 18:58:21,3546375581075852,曦曦鱼SAKANA,四川,BV1Ju4y1r7SQ
斯里兰卡抓大青蟹，巨大钳子比手腕粗，做咖喱蟹美味,三农,2023-09-16 15:26:48,452412746,Yooupi食途,法国,BV1Bp4y1A7fb
“配合你的演出我视而不见”,搞笑,2023-09-16 16:17:50,1046210349,迂磨二公子,广东,BV1U94y1H7iM
6个up去新疆旅游，场面一度失控……,日常,2023-09-16 11:13:20,8366990,-欣小萌-,浙江,BV1qz4y157GX
爆肝统计！海绵宝宝中有多少只鱼？！几乎没人能认全！,动漫杂谈,2023-09-16 11:47:19,523780849,粗中有细的计数板,吉林,BV1Qh4y1Y7KS
自制游戏电磁炮？2万伏离子管，让道具穿越次元壁！【科技达】,极客DIY,2023-09-16 00:27:18,691415738,苏打baka,山东,BV1L34y1P7ze
“致敬所有热爱二次元的朋友”友利奈绪丨补番推荐,动漫杂谈,2023-09-14 23:33:49,1408260350,枷锁解説,河南,BV16P411871F
当年火爆全网的神作，真实结局竟如此阴暗！,单机游戏,2023-09-16 20:54:35,29108869,阿元解说,重庆,BV1dP411t7ss
不是，谁教你这么玩“库乐队”的啊？,演奏,2023-09-16 10:04:27,1455246930,混世小小魔王_,山东,BV13h4y1e76A
一分钟学会画侧脸动漫，看完你也可以,绘画,2023-09-15 20:23:05,1422553381,小泉手绘,广东,BV1Jh4y1e7nC
原始人必修课：石器制作,日常,2023-09-16 05:02:29,624757844,一只大哈鱼,江苏,BV17V411N7pa
挑战全网最便宜自助！八元无限吃几十种菜品你见过没！,美食测评,2023-09-16 15:54:36,9824766,敬汉卿,四川,BV1SP411t7pn
黄发遇蓝光，小心被灼伤,绘画,2023-09-16 19:50:34,230875249,-TEAMOO-,重庆,BV1p8411q7XS
压死骆驼的，从来都不是最后一根稻草！,搞笑,2023-09-16 20:35:59,3461565017754459,b阿牛小卖部,山东,BV1TK4y1w7jq
千架无人机组成的宝可梦帅炸了！,绘画,2023-09-15 12:07:42,202824570,唐溜溜liu,广东,BV1PH4y1Q72V
当我在伊朗不戴头巾,出行,2023-09-15 04:09:25,10897217,谁是阿尖,德国,BV1cm4y1N7fW
狗:你有礼貌的吗,汪星人,2023-09-16 14:11:19,48023956,迪士尼在逃黄狗coco,广东,BV18j411k7Nm
最不可能搞在一起的人玩谁是卧底？场面异常混乱！,搞笑,2023-09-15 10:15:51,42561463,浑元Rysn,新疆,BV1Gj411y7Fn
这到底是啥情况啊,搞笑,2023-09-17 14:05:09,485359169,邢三狗子,河北,BV1Mu411c7e4
【无双】徒手画钞票，比真的还真，犯罪天才坐拥无限复制“钞能力”,影视杂谈,2023-09-15 19:19:17,304815404,流心影者,天津,BV1x94y1s7jz
我推的我自己！！！,短片·手书,2023-09-15 02:51:43,26114819,甜杏仁不可食,河南,BV1F8411q7z5
像童话一般的爱情故事，为了保住工作，女上司下跪逼迫助理假结婚,影视杂谈,2023-09-16 17:04:15,604710494,长片短解,河南,BV1M94y1s7ms
软饭硬吃！西牛贺洲扛把子，牛魔王的家族生意有多大？,影视杂谈,2023-09-16 11:53:18,8096990,啊粥粥啊粥,浙江,BV1aF411U7QK
